Oleg_M, 344218838, /time/nOleg_M, 344218838, /sum 7 9/nOleg_M, 344218838, /help/nOleg_M, 344218838, /sum 67 2345/nOleg_M, 344218838, /hi/nOleg_M, 344218838, /hi
Oleg_M, 344218838, /time
Oleg_M, 344218838, /sum 5 7
Oleg_M, 344218838, /time
Oleg_M, 344218838, /hi
Oleg_M, 344218838, /help
Oleg_M, 344218838, /hi
Oleg_M, 344218838, /sum 3 3
Oleg_M, 344218838, /time
Oleg_M, 344218838, /hi
Oleg_M, 344218838, /hi
Oleg_M, 344218838, /time
Oleg_M, 344218838, /sum 4567777 98999
Oleg_M, 344218838, /hi
Oleg_M, 344218838, /help
Oleg_M, 344218838, /help
Oleg_M, 344218838, /time
Oleg_M, 344218838, /hi
Oleg_M, 344218838, /sum 567849 935467
Oleg_M, 344218838, /hi
Oleg_M, 344218838, /help
Oleg_M, 344218838, /sum 9 67
Oleg_M, 344218838, /help
Oleg_M, 344218838, /hi
Oleg_M, 344218838, /help
